{
    "LogisticRegression": {
        "accuracy": 0.8092583472865164,
        "precision": 0.8121170181170181,
        "recall": 0.6595286195286195,
        "f1": 0.724967189238626,
        "roc_auc": 0.85849556167738
    },
    "RandomForest": {
        "accuracy": 0.8162415049738995,
        "precision": 0.7915953560927812,
        "recall": 0.7144107744107744,
        "f1": 0.7482494609000285,
        "roc_auc": 0.8660315273951638
    },
    "GradientBoosting": {
        "accuracy": 0.8162021077514036,
        "precision": 0.7981273723603315,
        "recall": 0.7032323232323232,
        "f1": 0.7453257285298266,
        "roc_auc": 0.8697918579736761
    },
    "SVM": {
        "accuracy": 0.8162415049738992,
        "precision": 0.8051148260722728,
        "recall": 0.6925252525252525,
        "f1": 0.7422367692057913,
        "roc_auc": 0.8567592592592591
    }
}