{
    "LogisticRegression": {
        "accuracy": 0.8176696542893727,
        "precision": 0.8252611203600166,
        "recall": 0.6705050505050505,
        "f1": 0.737618426358034,
        "roc_auc": 0.8625133914906641
    },
    "SVM": {
        "accuracy": 0.8302373682655373,
        "precision": 0.8606323154212367,
        "recall": 0.6778451178451179,
        "f1": 0.7526496681511394,
        "roc_auc": 0.8555153810835628
    },
    "RandomForest": {
        "accuracy": 0.7979710430414656,
        "precision": 0.7471018596117692,
        "recall": 0.7216161616161616,
        "f1": 0.7324145442665319,
        "roc_auc": 0.8613728191000918
    },
    "GradientBoosting": {
        "accuracy": 0.8288978627006796,
        "precision": 0.8165688145252009,
        "recall": 0.7255218855218856,
        "f1": 0.764336288915749,
        "roc_auc": 0.8817558157330885
    }
}